episode,steps,avg_tilt_error,std_tilt_error,max_tilt_error,avg_angular_vel,std_angular_vel,reward
0,1000,0.02088864096857803,0.01074449700738894,0.03714214162385947,0.009320569267380265,0.01894819989500669,63.91658165789858
1,1000,0.01898087361033312,0.01034061492506038,0.03725056262275053,0.006773143389025673,0.015111909195796183,67.9454894957523
2,1000,0.019209405089785466,0.009515313898833802,0.033256645308301754,0.004729501464663282,0.01137207409804076,66.48042577383579
3,1000,0.01642945224367966,0.01062193652603568,0.038192265330489895,0.006431743868320581,0.014698591043411651,74.7520815157919
4,1000,0.014165063087841288,0.009484130803560902,0.0466819745598115,0.00447679486124588,0.01161017149795858,78.83266083747591
5,1000,0.01972649214421,0.012966794183366593,0.04043420910870257,0.007319864358179554,0.015892244933062887,70.05561542889747
6,1000,0.03009358142525285,0.01682773440441043,0.0561300982158637,0.011801057483360659,0.0258817205089925,41.563926600292696
7,1000,0.03216867012786623,0.023554812666810223,0.08005508494419722,0.013225523085861229,0.027180623803067572,40.72307384008106
8,1000,0.03290409000589529,0.02397226850966696,0.07344083016755844,0.015177259797668683,0.037441688146782205,37.51865791066126
9,1000,0.02442189167195932,0.015099094010376493,0.05118987900251354,0.009900033353408583,0.020045788487726365,55.04446227676105
10,1000,0.02048754662322135,0.013627333911721707,0.0526395442834163,0.00709016443997076,0.018752055007628023,62.21180963205378
11,1000,0.021313054543436443,0.014468430746556524,0.05515332253641413,0.008283652894976233,0.019869643500502968,61.060285658191496
12,1000,0.03661577714741719,0.026933773294596827,0.10060925484682028,0.011129436194514718,0.02450837791744407,38.97277743015506
13,1000,0.0352670749111905,0.022991379256880367,0.08757569791540813,0.014964680778549271,0.03492031638193668,36.6854906532361
14,1000,0.03843824039818125,0.027187400602111198,0.08824743161526694,0.014507789715887516,0.03552989022596877,27.33325657605156
15,1000,0.036376320953695425,0.02367812836112013,0.08845239823764826,0.014143717701543412,0.0292289992881527,34.0583432468893
16,1000,0.029525724479676094,0.01836982836452124,0.061543476671321665,0.01367782135498962,0.02739701492814899,38.493386312320176
17,1000,0.04727143306533039,0.03290798082578629,0.10886559764080578,0.012204086385520636,0.027384015537963283,3.225429975484749
18,1000,0.03073241639570998,0.020485325938034087,0.06938321013916214,0.008991567945282962,0.01993806806342893,43.58260151494392
19,1000,0.06561971684352215,0.04025181150734715,0.13085130506026652,0.017009845221553136,0.03425157827046687,-47.81404523617766
20,1000,0.06521794315909828,0.03886077167272418,0.14461051511910478,0.015463514809912014,0.03831748423935068,-44.76890389943879
21,1000,0.05280702045945603,0.03462878571285384,0.09748734022872517,0.02208876879730459,0.04776724965176771,-22.769028046277654
22,1000,0.06026220070569872,0.0335809145071984,0.10417218952215546,0.01720764402943242,0.038261805414088204,-47.99383980327014
23,1000,0.07841157793737409,0.0453564595592202,0.14213688930619064,0.032644422560031694,0.07579705898399916,-85.27824791723332
24,1000,0.08541455722267083,0.04393347425431353,0.14329686127246666,0.029934080975941996,0.0649918051431906,-115.15318103203916
25,1000,0.11222248329853898,0.06373027246783927,0.1983042906737171,0.03896086761909842,0.09136243026896529,-151.72524497416617
26,1000,0.06971913774320052,0.04770276587142348,0.18536025945593756,0.02120252506648792,0.0635991300930851,-48.51688953921414
27,1000,0.06953515587441984,0.032444747800137216,0.11303328638812597,0.025577124511716155,0.05942508867818934,-81.3631194152679
28,1000,0.08868196394359797,0.059913702432339754,0.1695833787094753,0.030772058026067525,0.06620293382736216,-77.8187530128788
29,1000,0.1138491897341141,0.07247506237178158,0.23521114713873437,0.03006452139157048,0.07851393899391404,-136.63548177784094
30,1000,0.17276414118719094,0.10024451316427235,0.3820532131186791,0.05604094250688671,0.11201342990992502,-260.90040858275233
31,1000,0.11578997963766893,0.08027372698804498,0.24526724899799246,0.037868335195248445,0.09876743071361682,-117.99124342994934
32,1000,0.1986192620697447,0.12015570236979778,0.35594608059475313,0.09285854480282399,0.19690528264196433,-288.66518954157897
33,1000,0.0947549694805528,0.06252803691763427,0.22833476527516772,0.03835395630508045,0.08700609347570203,-101.18400976232736
34,1000,0.09331759331607503,0.05893822469623141,0.17699330615601178,0.030033802369769276,0.07187773279838044,-95.72265626186359
35,1000,0.1534569557963242,0.07324373083245894,0.24820870768375064,0.0791041951755929,0.16350059585031515,-255.48843913910557
36,1000,0.15459998612091527,0.09743245148676263,0.31860049294103265,0.056639110835319764,0.13028081424326945,-209.85255195831328
37,1000,0.2027345481872522,0.11283932333394246,0.3820454236408187,0.06402380190831079,0.15556103297604107,-315.2366973662296
38,1000,0.24087126746072515,0.13375555347725418,0.3820544399756557,0.08251120114818548,0.19582126039142655,-391.4245961836839
39,1000,0.2504389103281262,0.1399168277530421,0.3820609562005491,0.08743610671943096,0.21364591894585885,-404.5593111161624
40,1000,0.25335080332454296,0.14301022756196177,0.38205364392768326,0.09652751996296152,0.20630646985258205,-398.9803377469126
41,1000,0.23489930473712706,0.12044094655875051,0.38205070036279976,0.052856549765574086,0.13957321718623322,-392.88709835280963
42,1000,0.24790515254317316,0.12250645083368689,0.3820594738669504,0.058380832207136864,0.18020781657511123,-421.310027998787
43,1000,0.23870594320039507,0.13318575536123292,0.3820581037316749,0.09199470420381896,0.20253268939627275,-377.1071985123505
44,1000,0.3176828867486849,0.13506676764306405,0.3820609568666374,0.05831151155673072,0.17907303294006455,-565.6985757602433
45,1000,0.23603339623707786,0.13387889160678126,0.3820526378054945,0.07675096427782746,0.16427228756632764,-362.8590617349712
46,1000,0.26920632126122623,0.14059152157932056,0.3820382661048509,0.11020408226108276,0.2368860673554865,-446.8918185201402
47,1000,0.32010803750879396,0.1236125426156859,0.3820609567461658,0.10382848499713339,0.2613504674232275,-582.2370307320973
48,1000,0.2808215657314149,0.126463888640082,0.38205637560298866,0.1159467362284044,0.2572296175056861,-492.70568070955454
49,1000,0.24896118271855153,0.13176289674365074,0.38206095679713437,0.05171300149049563,0.14334514485474206,-402.12469185403427
50,1000,0.3237571562522149,0.12440303488750334,0.38206095686662617,0.060860234935568004,0.19841396180425216,-588.4556643780152
51,1000,0.2941909994819015,0.1464484382227177,0.38206095620055186,0.09709459140270528,0.24270119573082413,-493.6515508585933
52,1000,0.24595480199839026,0.13044739581234077,0.3820591400624609,0.06406989639149577,0.15082230245219774,-405.21858150193754
53,1000,0.28824342735965247,0.1504959430268868,0.3820609565939908,0.0878520118901245,0.22251381196709497,-481.44137338475144
54,1000,0.22197390605520095,0.1356636163356114,0.38205928634416986,0.05383628964100913,0.11844693272685583,-324.686350575153
55,1000,0.23849288283647913,0.13118294081924312,0.38204378240121506,0.11174679582607028,0.23128199651765613,-381.77469406327583
56,1000,0.2993851761493117,0.13497743522099653,0.38206095657727807,0.06740160871160261,0.16044647389723685,-519.6670147435217
57,1000,0.25499949909015523,0.1460600268857447,0.38204691217351366,0.1251073697998282,0.2639732290077124,-400.6635633016502
58,1000,0.2893535135013202,0.1411128414947426,0.38206095682495833,0.09041633416947363,0.21436476743701433,-493.6193192318547
59,1000,0.3312634946160783,0.13120987979230184,0.3820609566600364,0.05867900600604812,0.18554602946772483,-598.8723515985178
60,1000,0.2934060294172963,0.13063331937944767,0.38206095620054814,0.1091391650362038,0.2509420164256446,-516.2801269519402
61,1000,0.24051779755098898,0.15164755557064724,0.38204692030616416,0.11105756702466256,0.2431922074643683,-346.5837167627604
62,1000,0.2535100700941916,0.14622035866508998,0.3820462983706424,0.08729933861013929,0.21726118178171014,-392.7550447572287
63,1000,0.2345702174170764,0.16185371329788842,0.3820609565336134,0.0744948389478399,0.17216822155275105,-310.6400230690878
64,1000,0.31828933053966846,0.13738569737077896,0.3820609568666402,0.10894836272427585,0.2681501783578771,-565.0794195333733
65,1000,0.2745823805563326,0.15070722182206925,0.3820588344754857,0.10584080247965733,0.23326305460520716,-434.4247677066454
66,1000,0.29960556882986505,0.138158764743722,0.3820609565335949,0.11154410297977291,0.2613806472524737,-516.255354047314
67,1000,0.22910550727993448,0.1271158958766827,0.3820497182269103,0.08988954475678605,0.1986593757281121,-370.5191352604546
68,1000,0.24811377025167228,0.12502727217926746,0.3820571291422272,0.11728374923274225,0.2426969901526271,-418.2597653204318
69,1000,0.2502688952058653,0.13647446300295274,0.38206095637047466,0.07756250516440971,0.1783917119923237,-408.3706681168819
70,1000,0.27632982792893934,0.1333173636683039,0.3820609566389881,0.09787250477865005,0.21413449296463855,-473.726204963611
71,1000,0.26125047851532507,0.12918679278740486,0.38205884011550545,0.09147968646379678,0.20918771702652283,-443.75095392213217
72,1000,0.27900927341990184,0.15311222380344228,0.382060956200555,0.10458130525350103,0.25027476016939565,-439.49975283676133
73,1000,0.29066868935974577,0.1374868817709909,0.3820603735012861,0.10489680452537832,0.23790098651461716,-501.6277061426803
74,1000,0.2943624817856114,0.14424944002721996,0.3820609568666385,0.07745142386528356,0.20997426916307937,-496.45366262187855
75,1000,0.23200679896748502,0.12670167664988774,0.3820438428117269,0.09393234475587339,0.21778450727491325,-378.63896896934705
76,1000,0.23011882850859636,0.12885797276669228,0.3820469121169563,0.0955804846766068,0.22958338490851027,-369.8075804799848
77,1000,0.28584445924913976,0.128852746330237,0.38204288363899985,0.12881727683878744,0.2767483792338109,-501.1652131063743
78,1000,0.22090333208551716,0.13861491506838847,0.3820569032564428,0.07722897270301306,0.17124954481833735,-331.2046777941189
79,1000,0.25569090293423336,0.12464175846316836,0.38204691213467135,0.1305987555494401,0.2711372082839468,-436.75893853230235
80,1000,0.27031410163389835,0.13075178233016618,0.38206095628010495,0.08612818722605697,0.210461763501824,-464.3336440980559
81,1000,0.24877471110406074,0.1462506319185949,0.38206095635310433,0.08743070093547518,0.1972205264088306,-383.75866893597004
82,1000,0.2699080413036768,0.14163387334236996,0.38206095620055786,0.10930238870417572,0.23818840202554276,-446.60390188205764
83,1000,0.3115779031351922,0.12115195596263399,0.38206095634047144,0.08095732229456208,0.2223042722551825,-565.1296435689428
84,1000,0.21093151351272,0.12031411764204253,0.38205535902483584,0.059447223066304435,0.1329329475476275,-329.3235436292056
85,1000,0.26128714825771016,0.1421182707934641,0.3820536394037719,0.12754409056821586,0.2796574151182455,-420.0171188443746
86,1000,0.2838734294585958,0.14489361843042856,0.3820609568666402,0.06636396595818021,0.17270126953041212,-471.982880977226
87,1000,0.2545193984681612,0.13937640373511143,0.38206095660634465,0.06644175097604332,0.17027768459390633,-414.79545325165543
88,1000,0.26377682803517005,0.13008773919904076,0.38206095676869023,0.07389610642449324,0.1837436691033981,-441.7877680113512
89,1000,0.2570429322119731,0.15306014580067312,0.3820609564795282,0.08795898768364112,0.1810139363559848,-392.9837116170162
90,1000,0.32410026897987826,0.12193511465528872,0.38206095681898566,0.10515744704384608,0.2721763241052973,-592.0809283117766
91,1000,0.25497921729669626,0.1394007104133911,0.3820609562802166,0.06483315950478044,0.16032921837814848,-409.1673424852171
92,1000,0.25010988325896033,0.13444333511451573,0.3820469121709979,0.11059748383320465,0.23811578197421698,-410.04377140649916
93,1000,0.26208976522561167,0.1427614629930511,0.3820594218653025,0.10145431658911483,0.22905384545686458,-422.81940686168997
94,1000,0.28145374661022204,0.14940924575679337,0.382060956200555,0.12567027540508724,0.26524812121469343,-459.75210453561095
95,1000,0.20936849438100816,0.13558358165472317,0.38205741719029834,0.04853320052745229,0.10956817053056914,-288.164916038578
96,1000,0.27576669020921446,0.15939533112640086,0.3820609568666323,0.04372006885593198,0.12116831424496637,-422.4435396102676
97,1000,0.2903113563867333,0.1207495042280136,0.38206095676971097,0.0482139544508333,0.14482848638452628,-518.7229799266365
98,1000,0.2681370451049412,0.14767530809064447,0.3820609568666356,0.06572202400787239,0.14894405975934832,-429.7215426193913
99,1000,0.22663619613848118,0.14720759636484435,0.38204768340360856,0.08947933030437713,0.213213443872148,-308.18631293408885
100,1000,0.22774861446407602,0.12536853434507955,0.3820502591435309,0.08409277469445188,0.17764245675920057,-369.68762252329026
101,1000,0.23559345449908176,0.12937566171667678,0.3820431396677381,0.07744013938314961,0.18698069104222084,-374.70956947314255
102,1000,0.3065303111382392,0.13118098412623333,0.3820609568666402,0.0662549669489946,0.17766805687917359,-544.4517894611016
103,1000,0.25574092924379854,0.1360986117509567,0.38206095665591633,0.08224866550807267,0.18842375267557052,-421.9393556713984
104,1000,0.26718779921517644,0.14376097655664064,0.3820609566010473,0.058495185923308254,0.14833909475937943,-432.24010031445255
105,1000,0.23504808571664676,0.14093393630729245,0.3820593105829309,0.07647058521622528,0.1767593857430531,-357.0637174763142
106,1000,0.23488161173422795,0.11846934366463438,0.38205649397752245,0.07232736369312912,0.16777573676993818,-395.8959398796475
107,1000,0.28406836965797627,0.1412910140317174,0.38206095656437683,0.07794598372774132,0.18652625588585228,-476.1607571720246
108,1000,0.2114284887575176,0.11268472345297639,0.3820430405016934,0.08768034376288451,0.19639158910814564,-347.95629231006495
109,1000,0.23653775132782662,0.14227887135827133,0.3820575057707758,0.09170521034834572,0.22545816253488155,-349.45182962475775
110,1000,0.26124339084213233,0.1503371772870012,0.3820609568666331,0.05418217714472159,0.13579748380846307,-410.0102624718346
111,1000,0.2823489788679416,0.14639311914747274,0.382060956489655,0.08056386621120032,0.21674767027186262,-473.5710855205945
112,1000,0.23857263548928848,0.16340699355380045,0.38206095686664016,0.029291115287970727,0.09929148378424917,-314.656991650393
113,1000,0.2849551834430979,0.13880328563094543,0.38206095630787645,0.07835495261417864,0.19394755547190035,-487.6878595199095
114,1000,0.2685123314355532,0.14702912200088875,0.38205665252424525,0.10419543546642512,0.2373258491623386,-430.9794622626884
115,1000,0.2961501773522898,0.13595840768725864,0.3820609565335933,0.0755373606532776,0.1927052771359578,-517.3275876148392
116,1000,0.22374080059037907,0.1284597172858774,0.38205021894830415,0.0738716276130711,0.17066708528275618,-348.6108732950636
117,1000,0.17649347811372415,0.11063817318295256,0.37152583433575537,0.06943288517859443,0.15913086464253604,-253.7880915184472
118,1000,0.21295609479571131,0.1349894045072887,0.3820584769448205,0.041043931627080324,0.0885483217515906,-306.96684590899497
119,1000,0.2533174653306006,0.1601706483570826,0.3820609564592149,0.05959705585843507,0.14273468891914595,-363.94149641432347
120,1000,0.2587450696319042,0.13929328874139582,0.38206095643979804,0.08668956665091582,0.2014470004269598,-424.4032528046274
121,1000,0.24940860714570368,0.143855051919374,0.3820421641574757,0.11277569353885927,0.24802544486850586,-388.8334708869527
122,1000,0.30052029200732155,0.13095010692403058,0.382060956200555,0.09716450322127601,0.2509504562937469,-532.127045013452
123,1000,0.2567048291226872,0.14541918761606532,0.3820609562005569,0.08283958250164039,0.216909302887613,-404.4648890840697
124,1000,0.32005450187492557,0.12505370581295283,0.38206095620056235,0.104332691707875,0.26041752667287615,-580.6988135164264
125,1000,0.293931543312576,0.15579684676779176,0.38206095654669614,0.07180956900702853,0.19036204639556017,-480.56982470519404
126,1000,0.25254700362024146,0.1417814644370176,0.3820388388269632,0.12256922090762985,0.2523472795542224,-394.94741738480946
127,1000,0.273355948902775,0.15711149301767857,0.38206095686662556,0.08513122924020525,0.20393816527786204,-425.92858860625006
128,1000,0.26343064557378204,0.13101432313595346,0.382043137744888,0.11663690709371696,0.2476663367704274,-447.05714739122396
129,1000,0.24511596396161262,0.14479074132626218,0.3820469121281055,0.11024678855752032,0.22959553048288237,-376.8343758345576
130,1000,0.25899194698280065,0.14667333527494078,0.38205908375767433,0.07742844427393014,0.16134402237064324,-403.49771251216515
131,1000,0.26396394870093387,0.11718302835283059,0.3820609567421063,0.05617474211262061,0.15675441594602846,-463.5541241135156
132,1000,0.19232696107367814,0.11291344770811311,0.38204518275865174,0.07223649206441198,0.16700719858730662,-282.9826346416237
133,1000,0.25743574797336904,0.13104022131055362,0.38204691214229847,0.09436597564211188,0.21309930745337163,-432.1936259370067
134,1000,0.241416030099403,0.1122110279966876,0.3759943719314762,0.09415912375138563,0.20306436087281182,-418.0034418466451
135,1000,0.21519657032279232,0.12136362935934078,0.3820519140170793,0.07894778158065235,0.16109977165966022,-337.3237031727935
136,1000,0.2672412063841554,0.13091215429412947,0.3820609567664097,0.06615071690636684,0.17870201008797532,-455.4862364481653
137,1000,0.2831328944151508,0.15466442550556092,0.3820609565321292,0.051385772964662645,0.12771210055592871,-448.4648568725231
138,1000,0.2735359807349449,0.12933715221661019,0.3820582187592947,0.08377895635224068,0.20259764000117358,-472.3862196219147
139,1000,0.255315256695472,0.1352277943602873,0.38203631912933,0.07590321386970607,0.20451845059632212,-420.504948203182
140,1000,0.2040846610952765,0.12032606334286018,0.38205132787937623,0.08052638226725449,0.1775824800260123,-312.8513477797707
141,1000,0.24385880421528322,0.14036229583611726,0.38205292025206716,0.08360280700418245,0.18825631833646822,-371.3452979708233
142,1000,0.2530659085996904,0.11475518260444303,0.3820609567091732,0.07663202186258249,0.18865066815703135,-441.0892957553357
143,1000,0.3054797010574148,0.14115687115282696,0.3820587073558844,0.12713235836681602,0.28286502563245397,-530.3667104425521
144,1000,0.30407895639332794,0.1173472108546652,0.3820604691016038,0.08181345813572552,0.21535640718599677,-552.057426438467
145,1000,0.2416289628128458,0.14635798867068547,0.3820609567267965,0.08906211603802308,0.2202962633728227,-356.3722431447871
146,1000,0.2959509815150862,0.12976702813335234,0.38206095674661733,0.08050846479708883,0.20675949051024106,-522.7956403306614
147,1000,0.21449640142780227,0.14193059840109537,0.38206095622825004,0.06259665425791511,0.16685896159008393,-291.69559577161095
148,1000,0.2285842546183573,0.12903813753504842,0.38205783621620604,0.05303659876759742,0.13836813032312864,-361.61621405222644
149,1000,0.2764549418614839,0.14745998611470723,0.38206095653359495,0.09099793819055561,0.19810498570677393,-458.5148929948488
150,1000,0.21896931958846658,0.1315043064968896,0.382060956397888,0.0690742872570543,0.15476730705274572,-329.9601622700787
151,1000,0.2654457543422824,0.13682039720448563,0.3820609564057204,0.07711501536363663,0.18385062852862813,-438.52668149013346
152,1000,0.26663585968736586,0.14336560195133272,0.38205141611310356,0.09517983008370595,0.19718387896680173,-432.1945617508028
153,1000,0.2772775795244696,0.13452378401415113,0.38205716687566393,0.11740888581483543,0.2563276337933198,-468.34515712709134
154,1000,0.2732816903358076,0.1361448847861181,0.38206006730931347,0.08191322426714473,0.18268770001318244,-463.8354385544196
155,1000,0.24458379214262108,0.14061958429714233,0.38206095643126564,0.055755468861227966,0.13941440529934224,-382.3712708477591
156,1000,0.24079238537554193,0.12819245629910492,0.38204790443446524,0.10456643769563669,0.23911626145786935,-389.6748544410176
157,1000,0.2990690988605746,0.125229927541135,0.3820609562564801,0.1102888753489337,0.2635129216816183,-534.3989168907111
158,1000,0.2931016923537538,0.12493871018119619,0.3820594964647978,0.08537663947262078,0.21497068191776236,-522.2030626150736
159,1000,0.28224532678272896,0.13384947793634194,0.3820604140589041,0.10751362367877487,0.2412702969764822,-487.99650951834815
160,1000,0.2775942790257191,0.14573909093906573,0.3820609562986846,0.10449290041821577,0.2476822991705991,-457.8625653614064
161,1000,0.19169604963593598,0.12826041784042153,0.38204691209332053,0.0590511608063141,0.14536255195036282,-265.2335768817826
162,1000,0.2667281536235718,0.1318541326237931,0.3820609563640251,0.06298340788221346,0.15801758136077154,-454.10072822049324
163,1000,0.2720045106206861,0.1282083692497948,0.3820565889015863,0.1200499904176071,0.25199265789950276,-470.164781785415
164,1000,0.24165879532375723,0.14135036225197686,0.3820510346709649,0.09207129136392674,0.19246721363226718,-374.72486619497204
165,1000,0.26473826343601786,0.12443047480272106,0.3820609563035543,0.0721157422811779,0.19237038288053526,-456.88531854726796
166,1000,0.26168905738869835,0.14332274413241963,0.38206095677884516,0.07268603270978971,0.16699851457438497,-420.616915652226
167,1000,0.25083593804016474,0.14387286033030766,0.38205299156863837,0.06539918736803216,0.15279721449589867,-390.13468715015927
168,1000,0.25701952844396553,0.15464593924824097,0.38206032543049157,0.07331427235376113,0.18372304849815105,-390.43147121929655
169,1000,0.24985906865387553,0.14044744450562768,0.38203773525719614,0.09926244242137687,0.2139157714559606,-393.8747632832527
170,1000,0.286459290162925,0.1478815467273273,0.38206095667694634,0.0967665653428399,0.21046913019382305,-482.29162476888337
171,1000,0.2866457382823478,0.12697882027805715,0.38206095620055835,0.13124362315563073,0.2835092457458103,-505.51891999126747
172,1000,0.29403302547610544,0.1310757742427406,0.3820609562393738,0.12421857864582399,0.2754188158887684,-517.2239225294875
173,1000,0.2801514042376092,0.13673852830718475,0.3820609568666331,0.09806210998189738,0.22181143654791094,-478.72998305648485
174,1000,0.18780587623124484,0.1262413722851813,0.38204691213848957,0.06794758241366126,0.1645484015007574,-255.35405043403267
175,1000,0.17716658208678068,0.12446528637760872,0.3820469121063445,0.05262664351530653,0.12673531401565208,-206.18523966727736
176,1000,0.25722059878346254,0.13202793685801617,0.3820469121481314,0.11699509239572653,0.2653111497361146,-431.79814546631206
177,1000,0.3149924497832911,0.1268772979346662,0.38206095684936203,0.12158495530788173,0.28675164309862705,-568.2818020014327
178,1000,0.21442352336207934,0.12397457776608278,0.38204068488108817,0.10202245188555249,0.22860420859609856,-329.9167898861361
179,1000,0.2822240504350166,0.1268331732605599,0.3820609563192928,0.07354312448016159,0.1894683496312569,-494.8755711200725
180,1000,0.2577386202949899,0.1215385194164379,0.3820564894099599,0.10184799325145866,0.22863224158315548,-445.6394772682451
181,1000,0.31210846921217655,0.13028969243787053,0.382060956533594,0.09365741861557564,0.2508534929914876,-558.98147665249
182,1000,0.2589646269210468,0.13419419415042028,0.38205633620208024,0.12362601287572383,0.2574839583539945,-431.2925518493681
183,1000,0.23537909525131545,0.14265553125156052,0.3820491839645504,0.1011702812882203,0.22399203538859888,-352.19143154225753
184,1000,0.23515842020124933,0.14165089170683604,0.38205454781270776,0.07891971991966434,0.1761745499065077,-347.61835799700026
185,1000,0.25502439808358585,0.13339111875368223,0.3820423070808652,0.11631139829265912,0.25734860923098024,-424.6784047670633
186,1000,0.28167795277927515,0.13300812647254223,0.38205502812891473,0.10621338408061001,0.24087360758986961,-487.25493260247583
187,1000,0.27753105414614315,0.1593631866447496,0.3820609565675147,0.08512615012143965,0.20927057035589616,-427.00355251734186
188,1000,0.27022612882361075,0.14076289458379995,0.3820609567639847,0.05147946571666471,0.14576018535483998,-449.9935140137961
189,1000,0.23197122040390603,0.13792720558120333,0.3820485327660765,0.10019499770689068,0.20719287586736396,-354.34439054285576
190,1000,0.2455799192708031,0.15125255490221995,0.38204691215777015,0.07791941759330777,0.1588490479494525,-352.85325730968117
191,1000,0.2543750972148898,0.12870884544217698,0.3820579633531161,0.07479309422801589,0.19053723549564094,-428.99059698705753
192,1000,0.2795982197446588,0.14052590581364138,0.38206095653359345,0.0859025616007086,0.19960812635785982,-464.7963546450651
193,1000,0.3077952317603519,0.1455929833816645,0.3820609565335937,0.1022152156990033,0.24914863821571676,-525.8475567343218
194,1000,0.3048917536511966,0.12020118663612347,0.38206095674797697,0.06242877256915099,0.15884814328958033,-551.2880570235889
195,1000,0.3084026550854573,0.11961634468384962,0.38206095625124176,0.08776229208728144,0.22845129637372538,-559.997633406511
196,1000,0.17846989117760595,0.13224499988317096,0.3820464324708549,0.0770610492029186,0.2044574232264189,-190.30364476266246
197,1000,0.314361715288141,0.12908776414080952,0.38206095620054725,0.13903074132601945,0.30874288967723923,-565.1054136562641
198,1000,0.21820977119793983,0.13758394151567457,0.3820609563068464,0.06641791451741957,0.1655692798639031,-308.6251339001826
199,1000,0.24678009763374406,0.148895170184212,0.38206095648521393,0.05913024776657803,0.13945501148733447,-372.0314662472371
200,1000,0.24464600657761038,0.13736678390205842,0.38204691209266695,0.10524274085764052,0.2290729819544162,-387.17489524800857
201,1000,0.27246714595411514,0.1141306931312827,0.3820531946598564,0.08321011319280142,0.20592747209112905,-486.04297174879497
202,1000,0.2543152075896288,0.15259611927279298,0.3820605372238919,0.10310894043676558,0.21284850678038972,-394.08392535748885
203,1000,0.2300959521675817,0.13240525578358103,0.3820613817311054,0.07586066522070724,0.16897853120515488,-358.59528727766514
204,1000,0.2561908610240311,0.13945322507724797,0.3820651343921998,0.12304459475298464,0.26016653466305234,-412.5815235421886
205,1000,0.2500915703741761,0.14719549691467132,0.38205278686524735,0.07251933876462814,0.17293450816226272,-382.3564455952183
206,1000,0.24856069712150164,0.14214789575287207,0.3820852553627274,0.11299254858912954,0.2433729071177837,-388.8284809130478
207,1000,0.24592908319373752,0.14256925160060285,0.38203895699813073,0.09612259597690251,0.24061555790124445,-382.73567059124775
208,1000,0.24088326575226532,0.10145742990420022,0.3821239381752513,0.06378785651730944,0.1713393475426683,-427.70989483500244
209,1000,0.2872111384419932,0.14223989864965841,0.38229493142930826,0.11952625355393522,0.27935430189548827,-490.15175912127864
210,1000,0.24898004492464604,0.1403813565108016,0.38222795948874067,0.09456977108027459,0.20673433004509809,-393.89556635509535
211,1000,0.29493868599681294,0.13855415059831017,0.3823601076026368,0.09694188848860423,0.23132408821218392,-503.5804864259282
212,1000,0.25052143366581575,0.12058136662302187,0.3823164427694335,0.07940490329838198,0.1788299097965538,-428.75765920509406
213,1000,0.22716768363713627,0.13420906374262592,0.38200377848239575,0.09412123356171342,0.21540365455992122,-340.29558947851183
214,1000,0.20335891651664634,0.12473783784267099,0.3820321605191075,0.05569552645081705,0.11581291322902235,-302.3813470580853
215,1000,0.29291304936807466,0.13807566644596198,0.38213251101318013,0.05831141914089511,0.18927481993965697,-497.59696985981725
216,1000,0.26671867306024405,0.12984249432710337,0.38233245289516626,0.09780343031068685,0.21699865347943115,-456.1707864550021
217,1000,0.29449390428964795,0.13240587146134367,0.3822486359339682,0.11477813542186403,0.2532660775720899,-516.997880489243
218,1000,0.23326182139363325,0.1380871015652693,0.38266118552028133,0.07811306919905026,0.18051240785641462,-359.8552071680468
219,1000,0.2281911877847247,0.11675331184974719,0.38155930946213856,0.08258163440242469,0.1793645588630661,-382.2091905937234
220,1000,0.29887397822089945,0.1380157426158082,0.38243768769176195,0.07484207351780318,0.1957731294612041,-521.2020206715797
221,1000,0.25665064657444264,0.14160635322755702,0.3824463798870866,0.10880560271399341,0.25023823277748636,-408.3777062601583
222,1000,0.24693020712502406,0.13138339206373525,0.38279350718452215,0.12986233726186525,0.2759709240939044,-399.9298590532466
223,1000,0.20354321955899352,0.11086682950740012,0.3817260327352427,0.0633079913914994,0.15066524185566693,-329.6670228650905
224,1000,0.27361464824448856,0.15001174532106887,0.382068346361692,0.11919808042586028,0.27360965883414007,-438.6330060041571
225,1000,0.24894575232045293,0.14819648395172488,0.3820408626478366,0.10644944811935739,0.2343628447237362,-388.78153259113674
226,1000,0.29556671143003094,0.15241089598886673,0.382157441629816,0.10825831451240915,0.24498414008647804,-488.7275506216606
227,1000,0.2570628056796807,0.14211819122110872,0.3824285081425856,0.11149403380559178,0.254096146611854,-419.5875371282061
228,1000,0.2650180850087484,0.1351319054143599,0.3818433129609628,0.09426623319786785,0.226741678998847,-445.39368475576174
229,1000,0.28633029537067095,0.13458046288194203,0.3827791114200141,0.0826050081993668,0.20571740586389345,-490.3181673561234
230,1000,0.21025165342182947,0.1172048874915619,0.38199666591583525,0.04285133457731376,0.09324890957347412,-329.13979514457543
231,1000,0.24042465211276842,0.1408042116481412,0.38197517315970275,0.08132242534775512,0.20054858873033224,-369.04896213648203
232,1000,0.27369569073866534,0.133311368110041,0.38262395817713624,0.08117010066571916,0.1956153403554212,-460.83028929191613
233,1000,0.24138094252978856,0.13626844613927877,0.3820593923978194,0.0949185692772769,0.20115830746020852,-381.5510896822566
234,1000,0.25482385958201026,0.13934120173478162,0.3821644760709288,0.09740388502995351,0.218355860704341,-408.5220724221818
235,1000,0.20355995549834946,0.13513339464607765,0.38295318657128097,0.06688235117680467,0.15201453177091626,-273.7488235206496
236,1000,0.2732208786694389,0.1430236215525755,0.3824999460911276,0.05843609895065965,0.15941143739382363,-452.74701519519977
237,1000,0.25239522303601275,0.13875007568829845,0.3832579186221515,0.11916662184506444,0.26603699234882294,-404.23089637413426
238,1000,0.23617355223735065,0.13140052270119387,0.38334868923938675,0.08171884760334476,0.20438474636433487,-373.25951777502917
239,1000,0.27815548812002217,0.15135827213921185,0.38252495200705167,0.08339064749826477,0.20531526673894987,-444.2424931649155
240,1000,0.2755518246504819,0.13062405649119632,0.3821309352739557,0.061823403729658326,0.16551379939557642,-474.82913483145086
241,1000,0.25674939169524763,0.1454093272201518,0.3833317403484526,0.09046132781597294,0.2248945542115231,-404.41619952683885
242,1000,0.21597714441099125,0.13437791397682286,0.3835291863545117,0.07959046768590203,0.1845124038458523,-317.0784775281384
243,1000,0.2914596095247969,0.12822960137308465,0.38355933915912144,0.09180723113025334,0.23212315137082098,-514.9360434838328
244,1000,0.24882709898590985,0.14373894741403828,0.38322140879583344,0.05059447553636034,0.12268390787344458,-388.137000791019
245,1000,0.2618712597352322,0.14853231168500328,0.38360812127191846,0.10459044226398254,0.2392890649121274,-407.32966046093526
246,1000,0.24496766714486276,0.14182480745893122,0.38356911309778,0.07102918515710649,0.17277702697484582,-375.3308671444942
247,1000,0.29022379874948634,0.132893178338015,0.3835856420164884,0.09364439873134825,0.21414258723734853,-506.9468558178945
248,1000,0.2135276054203952,0.1443159780533556,0.38370107443310963,0.08316119682075364,0.18531234774481528,-286.5839547030312
249,1000,0.28912765447151123,0.14665834299803512,0.3837689768084499,0.07121327602603082,0.1820273256087788,-489.8008140244867
250,1000,0.3095402846435174,0.14126062014779375,0.38375888476988906,0.08315170085288144,0.21463626252736975,-533.903703855251
251,1000,0.22756886385939007,0.13291827335666626,0.38313771845407946,0.0906653012770325,0.20151629373416943,-344.0798757394962
252,1000,0.25045803814334194,0.14490987040742884,0.3838084712379682,0.08803341566211967,0.18954528582953392,-382.84841521699093
253,1000,0.2646371847514533,0.1429679405514513,0.3820106588706316,0.12237215171248227,0.24971991488652182,-427.564738280011
254,1000,0.2673875895906562,0.12448000792166751,0.383559860573235,0.08319873920600722,0.2160325068131005,-463.50417026835305
255,1000,0.28467018445448733,0.15683320842241025,0.38317068198460746,0.07970674814106493,0.1845734832297536,-449.65032474365574
256,1000,0.2854209366988883,0.1487381467110226,0.38401727452207945,0.05732205679037283,0.1530894562928269,-469.24154251560657
257,1000,0.2888624446212127,0.1572521294532311,0.3839637441789072,0.07067275557511468,0.16884411084474857,-459.65009275092234
258,1000,0.3349285777755507,0.12378797520530896,0.38386187040171094,0.10349768173364285,0.27266693832904854,-613.9126432588542
259,1000,0.24018315212431054,0.12148135115766295,0.38360701543454256,0.07426837974790332,0.1772005425023711,-405.4132847227331
260,1000,0.26802392739750946,0.14653712938298513,0.3841506161260958,0.11746261090136587,0.24032737111191121,-431.8873692051028
261,1000,0.22190441386556353,0.1452475418361555,0.38375743122092315,0.05874364119581587,0.16893187633834986,-306.9729731750695
262,1000,0.2945426627121067,0.1301650746575184,0.38420902418878444,0.08728439351451814,0.21965129646916115,-519.5605595751681
263,1000,0.23328739819503197,0.14335303664278182,0.38425873993472337,0.06877650366646859,0.1614927219608744,-340.8593967645865
264,1000,0.21611190532116392,0.13954257087523872,0.3842804712840401,0.10455890731311221,0.21228225570379208,-306.543411135713
265,1000,0.19177446573112394,0.1348726113609435,0.38432306694418056,0.07302946812562826,0.17384296410098674,-234.2684835196016
266,1000,0.21795779831187953,0.1375005799178536,0.38436378081794464,0.10020953757192842,0.194897064108426,-311.89322590810866
267,1000,0.25506436656276504,0.13120548052609612,0.3843991753363466,0.11514238172554511,0.23571397599344251,-423.3699704355945
268,1000,0.28681208647432715,0.14740209444055763,0.3844483356417322,0.06451642370545299,0.16246765844794292,-476.6828891252946
269,1000,0.2680576501285137,0.13573680928935075,0.3844550232899746,0.10997286183594773,0.2270239852416835,-453.2424032654187
270,1000,0.3121737111949173,0.14401824705634036,0.38451856250847716,0.05153613863222063,0.16112091377970583,-537.0029854991253
271,1000,0.2687810475995715,0.1540147703911973,0.3845369001444512,0.13935882803393407,0.29074853013909924,-422.8113103687452
272,1000,0.271529531837493,0.12625164930561422,0.3845747349810332,0.12241252611965765,0.26276175482388686,-471.5781582336752
273,1000,0.1359881163318861,0.10407863384588507,0.3794846874059951,0.04556294521903854,0.11121251670242618,-119.93268710451542
274,1000,0.2607397063209621,0.14182032314458742,0.3794629159454021,0.05067371107330268,0.1323100606143962,-419.09455809607374
275,1000,0.21091291261673709,0.1188411307833272,0.37942339426281807,0.07097756861767322,0.15831950398078412,-330.05099029947274
276,1000,0.225332914405341,0.1308589396254578,0.3793788968449524,0.0866923175269365,0.21415030878289334,-348.0368305372969
277,1000,0.30651655544217227,0.13939223900637365,0.3847643231028118,0.06396139861779707,0.19113656810912139,-535.8724695796599
278,1000,0.28634739496888945,0.12257048658763842,0.38284453451118694,0.08001035440061653,0.18798915280259612,-508.3669059413604
279,1000,0.2515682913432761,0.14147118479805273,0.38482971621036655,0.10563076243253026,0.2453745655942193,-396.5195653973946
280,1000,0.2505034727484987,0.15360020814239164,0.38127045270577825,0.05930397747875442,0.16007600349624668,-361.38516373143995
281,1000,0.305855584793305,0.1437872722906781,0.38490471566692364,0.07990954702776938,0.21531475386493146,-531.2702520483616
282,1000,0.16759657313989615,0.11164405519360578,0.3791912603398787,0.0543072815717403,0.11577175693389073,-226.10349106980948
283,1000,0.3015208788079624,0.12553890969893725,0.3849608885738492,0.10898907959007025,0.25554813724784653,-539.3507065265433
284,1000,0.2847213575415848,0.14324887923875482,0.38096139693115755,0.06909175390352955,0.19198707372485474,-480.3678576531092
285,1000,0.25772052828928554,0.1377613041327508,0.38503105199262394,0.07996709677034954,0.18873770425269099,-418.32398487186236
286,1000,0.2916015563269414,0.1327226203771457,0.3850803017210328,0.07918603531863523,0.2034462364087579,-510.19611859393825
287,1000,0.22210880349521572,0.12769423815726427,0.3851022617739147,0.10771797044595069,0.2165667753309684,-351.98907328191547
288,1000,0.2913138312248963,0.12097281087343609,0.385128487260605,0.1192343240879786,0.2633987763857809,-521.4246945302965
289,1000,0.259210061968694,0.1385722074589813,0.3851622492321075,0.058166589298565406,0.15951040334913896,-419.1190638961269
290,1000,0.2988357303654531,0.12849177317840518,0.3852124021642806,0.1034113044061134,0.2443024358778205,-530.8105782814033
291,1000,0.31203774141286567,0.12974084416314355,0.38525584436043064,0.10696202531793358,0.25512643911903227,-559.0920940086171
292,1000,0.24082133853532675,0.12841355076952196,0.3852909531640642,0.06405846139270789,0.15443302565518896,-390.39417883681807
293,1000,0.28803566988380563,0.13263060468245016,0.38530624498117677,0.06285764449703457,0.18013030756463175,-502.2978321413173
294,1000,0.23507631697374476,0.13014752237260382,0.3825151564406807,0.07122603228450414,0.15519649071764816,-379.9063962103566
295,1000,0.2831374599821047,0.15245710732863643,0.385382234879522,0.11119331785313176,0.24745096688911453,-459.2302106309201
296,1000,0.2274484534903905,0.15731173759632094,0.38541554728611294,0.05912170186100722,0.14850636313608062,-290.4565862334316
297,1000,0.22197280589164245,0.13292853645191485,0.3786554164345835,0.06068336243814983,0.13607231340584527,-327.48522509333424
298,1000,0.25190039069628445,0.13855342000876064,0.3840733194839439,0.08168905435195825,0.19251591230043597,-406.8652311464633
299,1000,0.3067667753898255,0.13761726313683637,0.38553671381025983,0.07878197634436171,0.21175578437763648,-538.2714049711863
300,1000,0.28402682765840687,0.1421967930272694,0.3855718226153937,0.060071848934216444,0.16746327867974106,-473.5996550670548
301,1000,0.2579270542215096,0.1628511313534703,0.38560693130430146,0.07898719433395408,0.19393975303846717,-364.9867295355831
302,1000,0.28965900123255395,0.13509448436057386,0.3856345772833317,0.08421931168988873,0.19683895917457234,-502.15341421305504
303,1000,0.3116983646383727,0.13483322047827354,0.3856771482933876,0.0971099298771683,0.23834431964786965,-553.7228541606539
304,1000,0.2803363495592426,0.14060330724988773,0.38571225703896433,0.0973198443213758,0.24387203125670467,-467.9263658459009
305,1000,0.26684128515318395,0.1516919596587612,0.38573377665024916,0.11473473716266268,0.2420517526312075,-420.2728222875867
306,1000,0.20629307071862843,0.1356706435214459,0.3857547093939911,0.07544907368664557,0.17687705108974935,-289.78126346052034
307,1000,0.23001538421396553,0.14178794115948526,0.38580606080194063,0.09867877551759645,0.21755036720848397,-342.22243422707004
308,1000,0.24061754012467462,0.15575421618403182,0.37826922087415216,0.09239724391767856,0.21439807256666935,-332.6128077470394
309,1000,0.27531350680013433,0.13039018833962818,0.3858851957511321,0.11134328490375267,0.2481366894111098,-471.2742022152936
310,1000,0.21309628134271572,0.12537489358925977,0.37950744847351114,0.07578920163979119,0.15321043276494736,-319.9718453092317
311,1000,0.2637242272794012,0.1456015030232316,0.3859576342236748,0.08911833784568582,0.20321206997902908,-429.271400261049
312,1000,0.2539856573574693,0.15004942793330758,0.3859635568081484,0.12383512903808529,0.25372719384404685,-396.96591459835275
313,1000,0.24399386403563156,0.14794595469450797,0.3860282353083688,0.06929179520698817,0.17323919011213612,-376.7703981892168
314,1000,0.23605720072563566,0.10854464895173026,0.37315111742562634,0.06701663253663387,0.17023042248574874,-409.04085997088134
315,1000,0.260425900196272,0.14037407789936815,0.37802346036497775,0.08818425584221656,0.19055357800025613,-428.0590949329925
316,1000,0.26614216695915344,0.13903296503348575,0.3861113810151319,0.10941858284681072,0.2225559427168877,-443.73839076564207
317,1000,0.227498520570362,0.14356327990556453,0.38615525196482076,0.0876889587717439,0.21025929567012341,-318.47398040318467
318,1000,0.24056597901321547,0.1494501380395149,0.38619431160533124,0.08522008101965832,0.17718011470294134,-350.073252581213
319,1000,0.20173961870815754,0.13105067330314715,0.3862259721545624,0.06957609923953047,0.15262383959309647,-277.9103132808601
320,1000,0.23986554785824069,0.15217265520407688,0.3788160950813387,0.07810414461272576,0.18683584776876913,-343.1859732366391
321,1000,0.27792127108572257,0.1436854879029505,0.38628020795966556,0.13139767389836776,0.2679156280932867,-459.52367633095173
322,1000,0.2660337554083249,0.15081233790017837,0.3863403448000797,0.09021025547877949,0.22542408056334887,-410.0851297930568
323,1000,0.24243078919216812,0.1274843642414875,0.3863594275290951,0.06722367740104815,0.15708581252928813,-393.4896229115484
324,1000,0.24455400560682006,0.14603788006025878,0.3864059911659136,0.07297777154965648,0.17623166662208428,-364.24821447232483
325,1000,0.2816625767894017,0.11752705372685157,0.38642433072739246,0.04478342106940922,0.14211924561393655,-502.3453798348213
326,1000,0.27291718456647385,0.143127020147776,0.3864774757621804,0.11305336080766969,0.24435270893676955,-453.9686224071728
327,1000,0.3200943736622096,0.13870454211705815,0.3865197564913327,0.1342595605690624,0.3008597372617963,-568.5437680011718
328,1000,0.21398659148040147,0.12660228620696426,0.37755463807804346,0.06870229365425604,0.14914757624566302,-320.3158490784524
329,1000,0.2839644253308831,0.14536025702603206,0.3865899191623736,0.06392415520997426,0.18525964335470937,-476.35042866431013
330,1000,0.2355726478724371,0.12689152911752566,0.3866013251902838,0.09894422951581161,0.2333959350668794,-386.2709128442279
331,1000,0.2297532034296112,0.14216696354074418,0.38663173193567074,0.09550149008688937,0.22327383760423247,-338.1915814820791
332,1000,0.27585841797180854,0.1290053264261217,0.38667676774555293,0.10464280692197885,0.22991277723025733,-479.1300375014803
333,1000,0.1971983399159347,0.11244789809611504,0.3867160993783088,0.06609460566634652,0.14837356869300636,-297.5613700802218
334,1000,0.2429370363620868,0.13356891485406483,0.3867003207156145,0.061389010543140596,0.14279868511368574,-387.30601611833526
335,1000,0.302663910962585,0.13639457374399158,0.38224140894212427,0.07975283134519941,0.19613385249695192,-530.3607946199344
336,1000,0.26863308741362213,0.1343751360370243,0.3868216825725504,0.0843496460658976,0.2058659350395879,-455.30471943938477
337,1000,0.2620657787914615,0.1328033839103967,0.3868686685106044,0.05813728543667283,0.13917503092630157,-433.8092956270161
338,1000,0.2875111593663364,0.14282615163848306,0.3868920887964447,0.09221903220959092,0.20810719007182227,-481.79018251057056
339,1000,0.21681620680256347,0.1481828361615121,0.38238881840191535,0.07222875372112361,0.16079611197513663,-272.58696366947856
340,1000,0.2670175294754073,0.16186156925161246,0.3771457455095323,0.058337601825507734,0.13790775196876315,-391.3619814987341
341,1000,0.23744601212660785,0.1423912737514359,0.3869929797895381,0.1084435831196372,0.2257600330948342,-367.8281788316846
342,1000,0.2810838675687536,0.1467859783154804,0.3858180025039135,0.08871414819376787,0.23358212111286242,-466.67517899583703
343,1000,0.27102951755000265,0.12786598821999054,0.3858797544369412,0.12207044350086181,0.25246054504160875,-468.2261985093974
344,1000,0.27882305196115686,0.14590093566394904,0.38591327260769903,0.09034487947648132,0.21531987903986446,-457.9362771866996
345,1000,0.2772205122694877,0.1535769610075831,0.3858621126609639,0.09663223996942204,0.21970491793735022,-436.8901112042208
346,1000,0.22632182480977428,0.13873056717369217,0.3821299176951577,0.10586725139176771,0.22853971547309232,-329.41434296568406
347,1000,0.25311237389584057,0.1152315241612084,0.3820660759057124,0.07307733733732037,0.1774625962306495,-440.9317686799944
348,1000,0.26324802427550226,0.15108006722675893,0.3860913158272125,0.10475135463592668,0.23347401643102725,-407.34024240164365
349,1000,0.2337777748869306,0.1290395422266699,0.3820367225191606,0.08831614846970055,0.20702607050462427,-376.93914643664556
350,1000,0.24606887567190178,0.1359920958261865,0.38200114711773486,0.08708076507253176,0.2012572946180602,-393.495845687964
351,1000,0.23248543112399317,0.13907379208485865,0.3819894362208728,0.07018871967940472,0.14987834430833968,-352.81177209134404
352,1000,0.17085139664114196,0.1026840571133141,0.38195665052926236,0.060858291077085964,0.1486207516242038,-250.7579251721986
353,1000,0.2678106687833185,0.121749649620696,0.386321207791225,0.09531472242606215,0.21944956279935146,-467.9055410939586
354,1000,0.2149290898141595,0.13174055940050383,0.38740331127615596,0.05274039624540348,0.13260497677213473,-316.41120646601684
355,1000,0.24131391638630267,0.12608158915939463,0.38193347997941673,0.06881225348600134,0.17224604235164626,-391.49868901345286
356,1000,0.2919343838171632,0.12496572830259661,0.3864931153868338,0.09937387075415706,0.24244224751593388,-518.8964934501647
357,1000,0.27936472253920985,0.15347240810470278,0.3819135696138503,0.08623319694444696,0.23108242144158941,-439.5268151140883
358,1000,0.294788447182646,0.13673426876857075,0.3865639599879424,0.15419999719055302,0.3063307071253664,-513.6463181537811
359,1000,0.2905823124004759,0.11829752324464764,0.38192138431524747,0.08876473250218629,0.2325019392583954,-522.3556743012197
360,1000,0.22497112967828967,0.12458851723484356,0.3866448076715699,0.08872011583211083,0.19135625917072716,-356.5507543883355
361,1000,0.2825301914327663,0.14448636356491285,0.3866805368820569,0.09265649538504954,0.22908700153032935,-468.75788765145194
362,1000,0.17880239570373768,0.13143188084434812,0.38695160907831316,0.05828743186806519,0.13895974756079826,-196.3515521512854
363,1000,0.2310787859190651,0.12931170467480885,0.38188100797856905,0.0877329281169556,0.19207740875266632,-364.63665929251
364,1000,0.2749553763329285,0.14815055068842697,0.38186563447885435,0.08749533399558575,0.20428091579900645,-440.6962094579351
365,1000,0.3071430820297529,0.13440242272574157,0.38189544251153024,0.05712605541910925,0.16025277551515676,-543.3747632101173
366,1000,0.26671735997605833,0.13483895372080504,0.38696751752679187,0.09418791342727689,0.2194439909878978,-443.17232860878323
367,1000,0.25340525019616833,0.13463472052896178,0.38700785885653494,0.07686551027773629,0.21023441504416218,-418.7768954762705
368,1000,0.22026830946743683,0.1164350691106686,0.38183355445524864,0.06001940156911695,0.13430532156054908,-362.70876554652443
369,1000,0.27871429971379036,0.14888761615594967,0.38176937739459776,0.08193492187913108,0.20491105401205734,-453.4740291240784
370,1000,0.22751956277086388,0.12437075422100745,0.3871956366786423,0.07990159214485855,0.16905861277085224,-369.5760189862438
371,1000,0.2804496556400232,0.1368003597255918,0.3871946305761297,0.10915834625403963,0.24704010117054712,-473.5081976885105
372,1000,0.22992619886683086,0.11667121848696148,0.387249078040796,0.09517605798823228,0.21893156917835266,-378.3292161435459
373,1000,0.24141351326619134,0.11360212235936172,0.3817228395390068,0.07469312287771056,0.1922047590728092,-416.49171784633603
374,1000,0.18986733316310928,0.11493300419752753,0.3759459208293992,0.06406332499607048,0.17942183532303274,-280.63360662553976
375,1000,0.20805111836330048,0.1287671530326903,0.38775406406408813,0.06918093398888311,0.14574463654505965,-300.22254492718315
376,1000,0.28407289068034464,0.12883925065356494,0.3817110537479465,0.10094069012474015,0.23949197657946236,-496.6261402984022
377,1000,0.2613332890235669,0.1544231386935348,0.3829388397019839,0.07780496383062,0.1655465927638565,-400.85849886814304
378,1000,0.2928824155243286,0.13561203446043976,0.3883082881284024,0.08554974936308452,0.21302069593073036,-510.17945510262206
379,1000,0.2612646957512542,0.13630405896298067,0.3817531224895512,0.07909948934278625,0.16561598817446943,-433.65661966133194
380,1000,0.28493230897648764,0.13476137812161545,0.38770914943286433,0.13671693195397955,0.2903595171708071,-493.0310852716591
381,1000,0.25389739414709045,0.13561628905206716,0.38769029641470587,0.10826851882202067,0.2360332884212709,-417.79485453430806
382,1000,0.27215811089405817,0.15308730557823635,0.38774675261289826,0.09393397536692623,0.2058914038711341,-425.2961435455151
383,1000,0.31210247421981446,0.12304128973589876,0.3877917742088418,0.0843332958252482,0.23256014062823835,-564.939656286649
384,1000,0.2692560091206855,0.13067374592979827,0.3878294372525721,0.11886408851620801,0.23993567386316048,-462.08751869270264
385,1000,0.222982294069292,0.13358038459688668,0.37831059431889136,0.0693523203851515,0.1431150097980734,-336.0877824003281
386,1000,0.23217996960018755,0.131945597486316,0.38858426370940546,0.10216704744696718,0.22311290633956318,-363.80332172745017
387,1000,0.23780802792848302,0.15394331145649331,0.3816188153586149,0.08722024669195048,0.18806825812517708,-335.04977689936317
388,1000,0.24953213155376405,0.15593662848131218,0.3880745714669822,0.08192740891632433,0.20114264306878282,-365.5536353276018
389,1000,0.24443248835243725,0.1453701574911436,0.38811360325790517,0.07958688226265113,0.1788388140730899,-374.5848439799754
390,1000,0.2458708931353987,0.13508312666761488,0.38482547370051395,0.09755947479572233,0.22405720179579522,-391.7233329184322
391,1000,0.2506197929204238,0.14691871344129184,0.3815709196154632,0.10780827407262751,0.21092232129066205,-389.4300444671206
392,1000,0.22234891642499252,0.1116398921281992,0.37530185988575404,0.0690733351997758,0.14835265803069844,-374.7406684500356
393,1000,0.23489980301404664,0.1339911970105161,0.38830266301513955,0.09495752255459293,0.21518799253713392,-366.5549547695977
394,1000,0.20483923388666825,0.12131525124505273,0.3883436444100624,0.06432488265509635,0.159185945654142,-310.47387262125176
395,1000,0.2678643436289822,0.13587109073532053,0.38691697015946286,0.10166628704962838,0.24311500430384142,-443.8479003215936
396,1000,0.2128023986903621,0.112470189130136,0.38156311545166083,0.09120517851015834,0.19435589751354748,-350.7870309590855
397,1000,0.22255163579520615,0.14414952424481994,0.38155767136767454,0.08070364093538177,0.19321738790279933,-301.65716641750464
398,1000,0.21353086018662143,0.12630619477533722,0.3815112828818519,0.08669942015502988,0.20173821383827245,-317.6329248976738
399,1000,0.18873993176638046,0.1171258600995365,0.3814628222701564,0.07797031989570119,0.18278891094172198,-266.71922171303765
400,1000,0.26788138266594846,0.12543574436865854,0.38866722089232236,0.09222907962501302,0.21539873918494984,-463.8639351588263
401,1000,0.19538338475898873,0.12177615357504315,0.38868967936639115,0.09864021586247948,0.19680033752871692,-285.60375183987475
402,1000,0.23084188561401212,0.15648673591833206,0.38155725626248493,0.0767602941910057,0.19303687111067452,-301.8008551260579
403,1000,0.2899288613698606,0.13558232281549618,0.3815085124135609,0.09353958553752018,0.23300627210847374,-504.08305753147675
404,1000,0.15500504835299375,0.11132505239929504,0.3670125398571817,0.04506191428756265,0.11524302988197789,-168.12802399042016
405,1000,0.2279560885793063,0.1193292963217226,0.37503922492204106,0.07391905289359879,0.18200852109975746,-376.5291637686375
406,1000,0.27213623334024684,0.1298860597312953,0.3814723870620115,0.06727601961804604,0.15833719725877607,-469.1138378095424
407,1000,0.2693165435643968,0.15724069560342166,0.3885770287085322,0.0563449203510134,0.13246030600013517,-412.1443568703407
408,1000,0.22828945536821157,0.1265367247772845,0.3814023072958848,0.08298926699762277,0.18094274582017286,-367.7305151809022
409,1000,0.19934970723236328,0.1201376401797125,0.3814865373256241,0.07400904397367124,0.1679656886226025,-290.37548290768234
410,1000,0.2015508679883355,0.1467819970711068,0.38887129561814443,0.0763022137738465,0.1944685199102665,-230.1626410434657
411,1000,0.24971383365673128,0.12347170042963863,0.38887555135479224,0.09185313133246395,0.19093337160582574,-423.6649636711076
412,1000,0.2630255035414737,0.1377214463315453,0.38891250323992904,0.0923496286777093,0.2100654440072236,-436.233146858583
413,1000,0.21619436707461057,0.12966733316313245,0.3814112731642132,0.059404426692626675,0.1466344523146893,-330.729291762292
414,1000,0.1629445244186622,0.08924442470061919,0.37502256594933664,0.05797226816387434,0.14926567442386252,-260.960576722303
415,1000,0.23772014061576024,0.14251938642617645,0.38907973575707233,0.07748773169053026,0.20372031661609527,-353.817051176464
416,1000,0.2056715147713459,0.09438611821185659,0.3750251799329864,0.08904165224415582,0.1881744931314966,-355.1437165854569
417,1000,0.2856495551179578,0.14486452353224738,0.38895932115438,0.0975416371818392,0.2302047812630605,-477.0226844256122
418,1000,0.2145806830814757,0.13757445531919643,0.38898022670161847,0.08177507781348473,0.16962523834188248,-297.77144158355196
419,1000,0.24313883334798475,0.14840291332120187,0.38900179834221305,0.0902719622447409,0.19790206553973788,-357.820928043218
420,1000,0.25731541853259304,0.13328626568431343,0.38899331271225523,0.09765737519129834,0.21664560788468049,-430.1538769713056
421,1000,0.23643928903769096,0.10885536224204911,0.38130048245779835,0.07776406890283867,0.18826505651195793,-410.4320125076796
422,1000,0.2672815962571847,0.14582406800682163,0.3866649501637407,0.060543302946456004,0.14640084555795763,-437.5882349116903
423,1000,0.23244248981019996,0.14140273604386,0.3812129187825681,0.07543497987735905,0.19121222484240794,-341.8551063133455
424,1000,0.2055351772619955,0.1451201236432852,0.3890125935290343,0.07802168110319017,0.17045469800435908,-261.2515815473815
425,1000,0.2601008605753744,0.1435866290731513,0.3812319367268252,0.13120144760496502,0.27385259815276236,-417.388137830709
426,1000,0.2897833822094839,0.12667680841320902,0.38901817476021366,0.12885617558892415,0.27269495236400637,-512.5975612004669
427,1000,0.23305242049927002,0.1471137161491845,0.38903214849253565,0.06237474128471272,0.14043877975919866,-339.7793387532133
428,1000,0.2576458607392348,0.14457823168218206,0.38896676371585626,0.0908246722445348,0.1969862339493526,-409.1203265452163
429,1000,0.21515173284577077,0.12137740218449473,0.38119165911709557,0.08901440426344591,0.19535955451580228,-329.2107732171956
430,1000,0.2502918399297816,0.12907944999527438,0.3811775656066924,0.11266908464818431,0.24294789007087841,-418.8756605500892
431,1000,0.30773648301802525,0.1500804571939513,0.38121350633679696,0.0805897982733603,0.23091269102256848,-518.3915974198368
432,1000,0.2709905078945818,0.13774068323539704,0.38113845761100434,0.08856551481063742,0.2006559530574178,-449.7420708820923
433,1000,0.23118732367866351,0.1412459479790741,0.3890456217035199,0.11654883207170129,0.2419909485287041,-346.05161625680336
434,1000,0.23172144062075495,0.14352502725020103,0.38905330973642865,0.08125728582413026,0.18742076962984766,-335.28217572967367
435,1000,0.2581330766665731,0.14309197583664168,0.3811624829504237,0.09086148697369537,0.1849645458218854,-411.10659011065076
436,1000,0.2655147662711639,0.1306488139534022,0.38113301283274126,0.11188121385441263,0.24299606108292213,-452.45195409919074
437,1000,0.261986983366224,0.14308181803443462,0.3810961860613214,0.08859602640633014,0.22295599080800416,-428.04744128253793
438,1000,0.2950000997430212,0.14036832323841605,0.3812117123767838,0.10791243667504306,0.2458450476154628,-509.6405667085442
439,1000,0.31286656823655684,0.1379528028881629,0.38896477391231277,0.055681075639834605,0.18080068455800843,-552.0304728229361
440,1000,0.2664386024317995,0.14292623458202458,0.38907838274475526,0.1113892423224094,0.24396967808743156,-438.51076897530055
441,1000,0.2321429823232472,0.13358235399312335,0.3810544001689073,0.09864140640354102,0.21962558870626367,-359.79590804567835
442,1000,0.2622174569628887,0.13579077392883634,0.3810159915842603,0.0897779920235161,0.2058075273538288,-430.6308846210407
443,1000,0.2808577773569406,0.15140944183788982,0.38903114259440436,0.10179649517340861,0.22737522939898958,-448.0882676679121
444,1000,0.20071390766465447,0.12433780909224096,0.3890526049219019,0.07202606642459546,0.15802406108788664,-292.20999936775576
445,1000,0.32797361865200725,0.14713508352927424,0.38908265041944423,0.057526890094727855,0.17591749480971305,-568.8753469646957
446,1000,0.2632960706113024,0.163845858861743,0.389042524312786,0.07918823224713552,0.19364631615115432,-378.0097485648248
447,1000,0.2510036756983131,0.16402455570698454,0.38906414856596433,0.11686755214094686,0.2571337077325129,-342.7138419412988
448,1000,0.17500743879963696,0.09586833345058395,0.3406009540445101,0.07363184782052346,0.17120415402946967,-277.80431557331514
449,1000,0.25904077425218014,0.14489273470138286,0.38907708347175585,0.07707656289694521,0.2005740617575434,-410.9776177904818
450,1000,0.23408699589201676,0.12967951467656647,0.38905441192409734,0.09649658701969707,0.21991193032698753,-372.7021201701571
451,1000,0.29472684195875637,0.13216748225552022,0.3890656727335681,0.10545956890659285,0.24209366512810465,-517.4241817950405
452,1000,0.20378026142567243,0.12098635184702014,0.38905261123301593,0.06478839100836828,0.15050222820306797,-310.1400444920902
453,1000,0.18995440909776193,0.12891448044736556,0.3890519519780201,0.07620381156878511,0.18937714102419023,-240.85521362803982
454,1000,0.31573947582881523,0.14146957515681,0.3890815844695695,0.08251169002588267,0.24469005901356491,-554.2403807072142
455,1000,0.22530966163925162,0.1414224665784753,0.3890672072384469,0.09758493135750218,0.20372457990168188,-328.7992679873269
456,1000,0.25423380952602703,0.12806226186073483,0.38907833228675054,0.08240145528126856,0.1742297335380599,-428.5873811236456
457,1000,0.20850667718146873,0.11216156259303574,0.3890602309502133,0.08182350405092362,0.1801616772059694,-340.1908975869448
458,1000,0.2938565861964503,0.13352581399717195,0.3809727265040876,0.07698615282492971,0.20611951161608325,-506.9968922930279
459,1000,0.22349919067609295,0.13481800465652669,0.3807764782226408,0.04781329759992866,0.12485851810006221,-341.15501092041677
460,1000,0.21718769785998654,0.1312163892237088,0.38906006284684314,0.08357357305551939,0.1921347149638018,-321.3638335378683
461,1000,0.23711879870925975,0.15248742269336066,0.3890669454526365,0.10764406788215564,0.24615383308121888,-335.2414875295294
462,1000,0.2947305670464045,0.12154386923042114,0.3890731262192965,0.13653614844067877,0.2923810203414022,-528.7746771373564
463,1000,0.254822283331221,0.14679139813427577,0.38907794444913185,0.0784479354014229,0.18559350233032057,-395.28397663355616
464,1000,0.27251097430521537,0.12338967356693742,0.38905361955243206,0.08895394477982678,0.21009372452229486,-476.0614130375737
465,1000,0.27066806155671985,0.12184547303921425,0.38905458542018956,0.1144398953534105,0.24670836050320746,-475.10722971465486
466,1000,0.1897268545533581,0.11535278336358387,0.375025179928866,0.054469167868529206,0.13186976317731325,-284.651825814181
467,1000,0.1670195959041806,0.09756564924459318,0.31669507789230156,0.060489943041070277,0.13469173912375954,-242.6261462656391
468,1000,0.18868059117331384,0.11756555554055874,0.38072546247242334,0.05455980781918078,0.11459378300839168,-277.70141809057344
469,1000,0.2719530767490833,0.13974921877798166,0.389081732495669,0.11002633267991808,0.2316725872573701,-450.2445523720746
470,1000,0.28153593539988864,0.13568187718455735,0.38694262462163237,0.08365736828789011,0.18458964548157744,-476.2676558384946
471,1000,0.21304118220282212,0.1415051196540704,0.38906962426570557,0.07306842360553048,0.17694958115072337,-282.4005453290272
472,1000,0.2563379315697469,0.14093503299229887,0.3890676892926412,0.11185497891402096,0.23764155986380694,-415.66503031276807
473,1000,0.2683812277618383,0.1436787292912948,0.38906817192816856,0.11414041613257565,0.24525199855827473,-436.9035043588898
474,1000,0.29572413384368157,0.13151924274793847,0.3890805597278584,0.13645933705880978,0.2900973432875286,-521.3479423382039
475,1000,0.28501289837555205,0.16426827728478283,0.3890764733075382,0.08219314713912673,0.2196113823321948,-440.5573538780718
476,1000,0.2415311262102814,0.15508226307893472,0.3884236335034998,0.07501907647347703,0.16558471754557771,-342.6678206243042
477,1000,0.28273157898447204,0.13060388555178434,0.3890236508785918,0.10424063513502066,0.2392024433897994,-491.9814397160824
478,1000,0.27025053763938706,0.14415617499237487,0.3890456407818899,0.11575300153397537,0.2352180984000853,-440.78379777730737
479,1000,0.31198880722546496,0.14309129018084343,0.38761618344044724,0.06152889609363359,0.16450535665931612,-536.6657221393128
480,1000,0.26152556204973476,0.13909905048394214,0.3890797668289436,0.06748903439013547,0.1396950584598415,-431.2917169814142
481,1000,0.2560954854444654,0.13175807046567198,0.3890660680041496,0.1224954434558111,0.24309840769896052,-429.0423035523188
482,1000,0.27912389870114246,0.1496697947219275,0.38045275163392156,0.04810164557106121,0.12033809974495085,-459.9146464778117
483,1000,0.28433314806070253,0.1417849941105702,0.38907184844899206,0.10144330457101546,0.2353921849864265,-482.0827789439816
484,1000,0.3086215171295067,0.14222003897870836,0.3890786384710687,0.09556832226225506,0.23997804925586524,-532.7981778038289
485,1000,0.2525715169460985,0.16162327264368065,0.3890677358332081,0.12374358994980329,0.25640229611905807,-354.9719957999131
486,1000,0.25741512948239076,0.13782110188187016,0.3890553676749269,0.13153477582389866,0.2864581514815559,-422.12446041223853
487,1000,0.24327625210146042,0.13898712055770762,0.38901315217269117,0.0714997577479005,0.15995816294656298,-387.1993961602988
488,1000,0.2329973251073702,0.14210347703834064,0.3890817435383919,0.0501421513907611,0.14595199108832213,-346.75250202566485
489,1000,0.2396406728616816,0.15173171331127208,0.38907841099114593,0.06849484670262546,0.16645126964603663,-337.0716980890619
490,1000,0.22690449621384218,0.13040270568487222,0.38892984323792645,0.09443406774912456,0.20904288019836778,-351.77302099518147
491,1000,0.21730523253621328,0.12048141467137577,0.3890706546139177,0.07058602568892793,0.15665580204947782,-343.7375231708388
492,1000,0.3334366920774198,0.12305325860122349,0.3890535926852703,0.10397861041407644,0.2724437191048434,-611.4199364271022
493,1000,0.20730928613510965,0.12981877955141857,0.38030535992879194,0.05492036791604249,0.12081419071853916,-295.4517792350619
494,1000,0.22772654034536063,0.13038249614071962,0.38052990180515545,0.11145190051690826,0.22031921305190127,-359.88471872593766
495,1000,0.27498520157229606,0.1472593809913231,0.3888819889480878,0.06031234073751939,0.13014814695618918,-448.28585824715094
496,1000,0.280691095945701,0.13457670002973274,0.3886675321434559,0.05024898740789627,0.11654504126788483,-483.22673433820336
497,1000,0.28401339369207335,0.14254442937154135,0.38908251115723286,0.076499075127033,0.1867800421143844,-473.8731743089651
498,1000,0.28679795865911356,0.1458879844470911,0.38908199733057947,0.0894972092024045,0.21642649715498602,-481.86045697051964
499,1000,0.27265063231417325,0.13720954590923531,0.3802083264386971,0.07901534573217196,0.18965454592986764,-453.53782212088174
500,1000,0.2710466284786534,0.15373043620081037,0.3890783456845913,0.07663544887131596,0.19659234332837064,-418.9812086813193
501,1000,0.23536016075426727,0.1232755927572226,0.38031535863181937,0.0674183293146684,0.17075059520968106,-381.16222154518937
502,1000,0.2131291815122509,0.15257650761066174,0.380132961632992,0.06226618709368323,0.16587552614623632,-258.27590698035146
503,1000,0.28695624208434406,0.14083508293001157,0.38905338739015627,0.11570486325597486,0.25735528479991865,-483.74028214264956
504,1000,0.2525780883423906,0.14237949768399022,0.3890777553314558,0.09266576898159437,0.19382719392518807,-400.0283330461779
505,1000,0.23900824520040875,0.12216480789274034,0.3890763903826192,0.07395814783411146,0.170047952464496,-399.07860363820214
506,1000,0.1848087317251954,0.11706486899002444,0.3800574275734011,0.05161753169932769,0.11135496638867269,-251.64438145357175
507,1000,0.22510338859443635,0.12841523743112085,0.380172274587391,0.05535997392199527,0.1321190073776866,-347.52128539234434
508,1000,0.20448972599314863,0.13373079883201702,0.38001237765639156,0.0746256532017172,0.17551641594484138,-283.85173474389495
509,1000,0.3101622671029881,0.137291305463523,0.38907959321288543,0.11661371626372947,0.27430985098846117,-546.8706709094328
510,1000,0.29244150555487985,0.1486951800422977,0.384099797519591,0.08957111999984178,0.22122576999134003,-486.5507261000497
511,1000,0.272185012925772,0.12707487782659954,0.3883257214655419,0.08802614171525724,0.1998557508599914,-472.2299081166126
512,1000,0.27045837950105855,0.1267013139329222,0.37994347627745356,0.0524458372469015,0.1339025146356362,-468.79236361955134
513,1000,0.2520010420594162,0.1424389962996075,0.38012516896801585,0.10586370290259295,0.22787622575188837,-401.73457199482584
514,1000,0.2617252182853608,0.14320393190607927,0.37992867001660857,0.10568865196856006,0.2254675424860322,-421.2592443081364
515,1000,0.28744694539760246,0.13721141344006144,0.3890826829788686,0.07386293716844544,0.20747161378962575,-495.6124670430336
516,1000,0.2338661571873088,0.12235946715092512,0.3799188368411062,0.06901401127259474,0.168091465575904,-389.1203375762856
517,1000,0.2710645206208442,0.14782807536457895,0.38908268566951254,0.05372691333788483,0.15142039601680726,-435.5378423995754
518,1000,0.22801870927011034,0.128224860282206,0.38906855869556034,0.09026536918433055,0.17333441716919565,-366.5944522525419
519,1000,0.23319246690158985,0.13221519308072277,0.3798079557518466,0.07740285963311468,0.17113391180978318,-364.8781568442146
520,1000,0.2622785897337431,0.13117765145343732,0.38013831209655846,0.07175050959606594,0.18423611702606846,-445.21927274681366
521,1000,0.25955209475402974,0.14741492188714322,0.38019792899010574,0.07742307190190374,0.20287220033733125,-407.2947658784059
522,1000,0.23724349272018252,0.13244838101973244,0.3890655057452947,0.10909581403348208,0.22234016036928372,-382.37476870446545
523,1000,0.26229662684266947,0.14949289076044853,0.38907889840145476,0.07623988721916046,0.17013586716223908,-405.67899175198795
524,1000,0.2710016289563087,0.14196178239141954,0.38905423745064305,0.08585059906041914,0.22707500129727515,-443.79954531108314
525,1000,0.23290286486394898,0.12470936022848672,0.38906240332642106,0.08275239195947892,0.17961352347981158,-374.18910349128515
526,1000,0.22203751686415166,0.13674904759739087,0.3796586276346284,0.06335292125419963,0.16115141159201338,-312.14330383674826
527,1000,0.22746200263242042,0.1229020450741175,0.389060337188599,0.08260910789000832,0.18920845826356136,-370.5597581456641
528,1000,0.305712518575542,0.12447895572071495,0.38906753870255545,0.11726424662140425,0.273704829871905,-550.5569607695395
529,1000,0.25754108284882277,0.14279475701454655,0.38905540479655115,0.10483664241291962,0.21655770574714106,-415.2015775907367
530,1000,0.2745296904109079,0.15675698839982938,0.3877773293676313,0.10506601708672199,0.2165364156721245,-431.3946764713576
531,1000,0.2625057049585268,0.14281324048373806,0.38628404455330967,0.1247877724418611,0.26963359403013143,-430.17878784916564
532,1000,0.32196958435611167,0.12194025012139248,0.3795781517364322,0.05668406497793516,0.1759911778876269,-586.6574614609667
533,1000,0.259175160305013,0.13709890447565232,0.38906218827444033,0.126818658978928,0.25077442211842255,-429.8916587266342
534,1000,0.24242874255805008,0.1459389943474651,0.38871031905969955,0.07078050451152133,0.18183155622381486,-359.5683718530761
535,1000,0.3094780764315089,0.14542948304271916,0.38908263192461623,0.08300558082287074,0.2174677592102646,-529.2071473167815
536,1000,0.2712120855970788,0.15797757227053266,0.38894419371458994,0.06534823835877952,0.15472499017864852,-412.50916352618395
537,1000,0.17937975382556506,0.11460395048436026,0.3750240790943865,0.049826016343921455,0.11783177159002049,-245.60608362533736
538,1000,0.2441027599271706,0.1309671701520078,0.3890580608874132,0.0775372856842979,0.18415278084379458,-400.585570021559
539,1000,0.25469863129680165,0.14010909245167466,0.37939800376558064,0.062214018333893575,0.17254317579708894,-405.0898425476304
540,1000,0.2555679455584388,0.15377643000121724,0.38905406590888275,0.09559643786960072,0.21946724486332078,-377.0331692993175
541,1000,0.25020831043249553,0.12944410214427884,0.38905894007972747,0.1048883622336935,0.23622460174818266,-410.25691249762826
542,1000,0.2900999839696582,0.15115148158849506,0.3890826886591477,0.0779104219738891,0.19798404259970886,-477.86778294000135
543,1000,0.2555046599403015,0.14094951084154037,0.3890689325255519,0.08613134817957185,0.1841703011100949,-408.16441698698736
544,1000,0.30991200948273745,0.12493369777346128,0.3890680063032638,0.06696620143561453,0.18477015389419152,-558.2128668193338
545,1000,0.2826639681023206,0.136852149728209,0.3890295539184691,0.1185358016744752,0.24287182279705816,-485.65727542152683
546,1000,0.260905171780542,0.16254332261850793,0.3889340023544843,0.09528974611792783,0.18629173521591594,-382.48001022090114
547,1000,0.24659459949972132,0.13276421349634931,0.37934550341843637,0.10319971322717962,0.21036208381569904,-405.6564655761971
548,1000,0.22313309550927501,0.14532523490608212,0.3750392243140531,0.06656216446051641,0.15861169484997198,-303.0021338565994
549,1000,0.2501327671087135,0.14245593852649646,0.3890564069528069,0.11550171100046129,0.239458974066159,-393.82972284039994
550,1000,0.26140219680351295,0.12997282440046345,0.3890629314414998,0.09662064152664131,0.2136858730418124,-444.2389811665391
551,1000,0.27559273048236266,0.11033675006671156,0.3890578314199875,0.07189353512994279,0.19747459816440938,-495.8192769311624
552,1000,0.25493633137540606,0.1388841650291609,0.38906860338578775,0.0833558537417931,0.1781754645629887,-409.69333663113093
553,1000,0.21421489502800398,0.10659500099109898,0.3890640298267965,0.08001302813156107,0.17239908024706221,-361.5136320650495
554,1000,0.20892883944407734,0.10861693149145293,0.3790265617847471,0.07108208073467365,0.17598186996454823,-337.6191049312813
555,1000,0.2782573591339,0.14176781988699919,0.37904111216540737,0.08363802487999558,0.205376918524725,-461.5904652527908
556,1000,0.23967411956048584,0.13262806006531425,0.37503683816961036,0.07702480959509228,0.15994365210329503,-380.3104848196468
557,1000,0.254514795686058,0.14783855870177015,0.37902047063440697,0.07589169121608699,0.17238941551002518,-387.95793666901807
558,1000,0.25102015722563015,0.12621973661097974,0.3890515446101063,0.08822412054319717,0.22754150567531867,-424.23666332214873
559,1000,0.24649760633483242,0.13825850546016094,0.3840524917386548,0.06877828164303953,0.1574069590092123,-383.7482898928041
560,1000,0.23265312444504824,0.12833195999934957,0.3890788365606013,0.06849895398769495,0.14384532999212915,-364.4326384180709
561,1000,0.2470489645121129,0.14178760977650917,0.38906863395730484,0.07910725797522275,0.1788660755129697,-380.4935042862974
562,1000,0.2660356684469149,0.136050362433384,0.37884754410383314,0.11874272923831221,0.2552603800743747,-446.945260387313
563,1000,0.19570825701878158,0.1294444929150954,0.37879573337350997,0.07677243455013642,0.16996636205211196,-263.7441299773967
564,1000,0.27147921680029646,0.14585470127351038,0.38906827477541445,0.0825296402545425,0.2027932942873697,-440.4361236065179
565,1000,0.2737586876546132,0.13563757637999474,0.3890826884326791,0.08563422000088035,0.21769608661551113,-460.0611936130282
566,1000,0.21849132097272164,0.1271404732147606,0.389075620997451,0.08079952070148673,0.1824123753492999,-331.0136636939518
567,1000,0.2810845200747189,0.14370706359387211,0.37876490610462404,0.047966939943044594,0.13151631286335053,-467.86544042971036
568,1000,0.29695534891679926,0.12369279461081517,0.37873979040832473,0.08352488436857938,0.20687157164743825,-530.8674180094192
569,1000,0.2205456494901601,0.13851404582422416,0.3786735692361479,0.08927404766685744,0.18629202048956456,-314.9624327356917
570,1000,0.24037035522078645,0.13241757037925092,0.38907398892084427,0.06044906331618411,0.1407947828314565,-382.9347153713753
571,1000,0.18907033401416115,0.12454599947417287,0.38906514863391645,0.06112268747668579,0.13381975706169558,-262.63673264510635
572,1000,0.2636057785905849,0.12763683222010483,0.3890731645703422,0.10119250951179701,0.240764333234154,-452.1205500697679
573,1000,0.24080677716009988,0.14972277580012636,0.38907089028734887,0.0968627655844177,0.18453732660156597,-352.2237689408524
574,1000,0.28272132064855243,0.14824868348313913,0.38908268840861,0.08303413081509546,0.21058797017609165,-462.19391444837214
575,1000,0.232170600415725,0.14308976509466778,0.3785591545947775,0.07121709919343991,0.16560026626966584,-351.4526925389896
576,1000,0.2443091547985447,0.1449264743403692,0.3785565010633809,0.08298132893939572,0.21744150377012827,-370.1855898087015
577,1000,0.26353463065740274,0.11693683806589217,0.37852958494718475,0.09093166978985039,0.20840625176584276,-462.9326882044648
578,1000,0.2789084445225313,0.14792824253187,0.37847833721834817,0.12867928964230646,0.2695586290963253,-454.38156282279203
579,1000,0.24876658204558574,0.13624789778657212,0.3890826883490907,0.08773400179243779,0.1910033336835382,-397.71215567606305
580,1000,0.24211992906679916,0.14332428346278372,0.3890666526837915,0.08892427701094781,0.19189121065099962,-372.3800321820807
581,1000,0.2691409868658859,0.12176782537245172,0.38908268865219237,0.07246275129773824,0.17475485091485943,-470.08119484323134
582,1000,0.2836127398397774,0.13624684296352507,0.378420730327717,0.12543940438867962,0.27246330918028905,-488.3891527891226
583,1000,0.2881963400051907,0.13746243837369923,0.389037074897819,0.10274879584620507,0.2300134340178027,-490.85864215370924
584,1000,0.24499723329456805,0.12025309508710985,0.37834940675009243,0.0580798635300673,0.146923010278205,-409.8826324884753
585,1000,0.24142803246597377,0.14262548968945488,0.3890642694643844,0.0786902534642787,0.18564472788625005,-377.60448787403266
586,1000,0.2828330562544635,0.14762451943311292,0.3890572226059162,0.10466062424990184,0.2330714214962455,-464.9229439760361
587,1000,0.25017509684193007,0.13819693657580992,0.38907408759855305,0.09846230804860588,0.21378963045877525,-400.59920730217533
588,1000,0.31806335531960434,0.1331998710700113,0.3890826582543435,0.1352699329483704,0.3002480616537864,-569.324932682879
589,1000,0.3014022014101555,0.1412190466135461,0.3890689127946227,0.097936336769167,0.23440618364398166,-515.7002616544285
590,1000,0.27689806711662174,0.141342271773757,0.3890826887530655,0.07532569492477395,0.19456683913762562,-465.803004730429
591,1000,0.2940984584817081,0.14480390434125937,0.389082689086178,0.08012813141162288,0.2106571223977903,-495.41709393029436
592,1000,0.25744781050323007,0.13545368781995804,0.3890826888543235,0.09324307934431902,0.20674018889429155,-427.4921767385495
593,1000,0.20712013567385817,0.12662953041746974,0.37816379795450267,0.10557031717804097,0.21903199040064567,-300.29699375388003
594,1000,0.22658501487996763,0.11290805141780377,0.37503151233694054,0.08212737470645015,0.171801767034754,-383.55640797599267
595,1000,0.22960714642633193,0.1225635576947162,0.3890539584699512,0.094711003419661,0.21320708261460966,-377.8855512224079
596,1000,0.29735066170415886,0.12430286571410659,0.3890541657785129,0.09755745987515242,0.24859425357494705,-531.3026182592814
597,1000,0.31126984734455365,0.14674872491416194,0.3890826890477417,0.06094291875447315,0.18955137119836976,-529.7579551367484
598,1000,0.27145638042275183,0.14663228782188256,0.3890570728927288,0.13588001484034873,0.2652593872572794,-440.519450813522
599,1000,0.2841062568420674,0.15838863125175237,0.3880808120868337,0.06751579609211875,0.19150169162678177,-446.18808129501684
