seed,return,length,early_term,ey_rms,epsi_rms,theta_rms,theta_max,theta_dot_rms,control_energy,u_lqr_mean,u_lqr_max,u_stanley_mean,u_stanley_max,u_total_mean,u_total_max
0,58.240224220062665,1500,False,3.0141777672440684,1.2253300243729761,1.5359533199304711,1.57,4.235559382191509,7058.184205636922,0.0,0.0,0.3768010738215434,2.0112352300697736,77.48713327327916,262.94956299689346
1,78.89321440257405,1500,False,2.9693608337863835,1.1268888942648012,1.52910058553811,1.57,3.9877951757686567,6448.719093829841,0.0,0.0,0.32222688995649906,1.9922325783580577,74.30902628063393,255.11371196623494
2,-19.740251657810607,387,True,3.0957807283903374,1.6130703867086709,1.4295850354616555,1.57,3.927675987078724,7591.9839658340825,0.0,0.0,0.7153131887110051,1.9659608585363366,68.485658825638,262.2798327689625
3,-19.87424791407383,384,True,3.1164565950550807,1.6241408783546332,1.4395939006214384,1.57,4.016344748230788,7786.596345602841,0.0,0.0,0.7231775473727806,1.986221668000082,70.09588592165362,263.425954788891
4,-14.05135892349617,380,True,2.8087065170658545,1.4629422794347438,1.2933617231858485,1.57,3.3596959827873123,5985.870782575351,0.0,0.0,0.6005979304603742,1.9595199608195957,54.37036362392486,259.97976426712324
5,76.27779132264119,1500,False,2.9790594234822585,1.1346794725768057,1.5279339414972135,1.57,4.03365681409146,6500.241925831089,0.0,0.0,0.3244869996384992,1.9864509583480279,74.62422165309442,256.51187579195386
6,60.265032165733935,1500,False,3.0194149245279696,1.2199216132113233,1.522885367944939,1.57,4.167339398280216,6891.189789918343,0.0,0.0,0.3758316336449659,2.015409163149289,75.81796639198222,261.3941821698438
7,-10.241888924100703,288,True,2.866462814324675,1.4456462298891577,1.2815710670379978,1.57,2.940798567671149,5171.417107325953,0.0,0.0,0.6109778269436139,1.9569846359748067,48.81661879573679,256.0240155632203
8,-8.13749535554954,330,True,2.6911656227018383,1.3470592788671587,1.1953473886421617,1.57,2.717161438999998,4495.387088864483,0.0,0.0,0.530744351065839,1.948017499701476,42.537147294511804,255.3471250296285
9,58.28527958638621,1500,False,3.0234981993820056,1.2240497693473784,1.5269814110440976,1.57,4.19855270582907,6973.178185476715,0.0,0.0,0.37634676550774027,2.017711226694212,76.55144570431025,262.29135735815447
10,54.20203934989427,1500,False,2.9888635684313596,1.2264627206106145,1.5168189025599306,1.57,4.192657701428118,6933.418080409812,0.0,0.0,0.3731897781804146,2.005031277284343,75.83774189723569,262.8278216626039
11,-16.300263895519,327,True,3.070982748901049,1.5706566179582504,1.392330182899754,1.57,3.6246910113250714,6765.310427394163,0.0,0.0,0.6932434760437861,1.962295631792168,62.19430970273682,260.0955421349259
12,76.97432182968166,1500,False,2.935917536560195,1.1269817485952047,1.5028452998275112,1.57,3.9387938181420012,6259.749743090357,0.0,0.0,0.31579520389558896,1.9891785483151727,71.9907784677745,256.27830075492756
13,70.13262759174012,1500,False,2.98125645017123,1.1349305929106788,1.5147695748496974,1.57,3.989170404091157,6363.844387862695,0.0,0.0,0.32515876079308886,1.9903888674478691,73.18547078003552,256.31320426253586
14,59.385028585478395,1500,False,2.9965774306964374,1.2055073140369785,1.5189807594100528,1.57,4.151355575392238,6821.321059243999,0.0,0.0,0.363972908747525,2.0369602841991554,75.38816488980503,261.72575985766514
15,76.13960273531963,1500,False,2.9764914572965977,1.1361786730541548,1.529387176162179,1.57,4.033694261033955,6513.827713134042,0.0,0.0,0.32587805737602077,1.988648187102413,74.735994974649,256.41590497010696
16,66.24610861961615,1500,False,3.0049102863701034,1.1969789220539768,1.5331614073409194,1.57,4.172324381797929,6879.2589000081,0.0,0.0,0.36146320436694196,2.016996763723251,76.51725077191979,260.861998847006
17,56.48526489739949,1500,False,3.019276876805837,1.2345429878662644,1.5278206470758244,1.57,4.245711912756528,7041.330686147406,0.0,0.0,0.38257289879721307,2.024567726159024,76.93772500739067,264.16704295149475
18,70.99137717664539,1500,False,2.9878426887209115,1.1630046409463106,1.5173807217877509,1.57,4.034518120690275,6545.432460638766,0.0,0.0,0.34422883236461255,2.0044897745550463,73.95885513612566,258.41756758446104
19,79.42205980561612,1500,False,2.970015421374499,1.126608928611652,1.5188321975832777,1.57,3.9771943235172564,6365.665837343621,0.0,0.0,0.3225380323187096,1.9903773021236164,73.32607310286647,255.72258717153142
20,66.18381914397439,1500,False,2.9997524008199004,1.194417882151716,1.5219779071739936,1.57,4.130247321774323,6747.0228520208575,0.0,0.0,0.3607154949786891,2.0155133014819953,75.17324081613184,260.552806758539
21,63.14136955374316,1500,False,2.979749296655601,1.1723524435962427,1.5143365756104232,1.57,4.062304677787762,6589.911546801221,0.0,0.0,0.34399396194933857,2.0006945334191064,74.11470552548211,259.0772296653201
22,57.44657966782132,1500,False,3.016385603715416,1.2397154418905976,1.5290355290629822,1.57,4.2381122055630644,7033.5822979123795,0.0,0.0,0.383037754340849,2.0278404247030455,76.92809885924048,263.48572272886594
23,69.05609628261837,1500,False,2.9988463458457293,1.170353318160495,1.5345280901283858,1.57,4.101208108886256,6742.361123682663,0.0,0.0,0.34555169783686296,2.020765996067752,76.00591171407595,258.84077412876945
24,-16.865989400466333,342,True,2.964623256195812,1.5465987972103221,1.3683079851966922,1.57,3.652914307763168,6830.049950629544,0.0,0.0,0.6718663552450593,1.9650307756321006,61.402735771474305,261.1984672614319
25,-13.849206149164859,488,True,2.709576656865877,1.4533783284488164,1.2839562512648517,1.57,3.6696249213136767,6383.322491542175,0.0,0.0,0.5777227823753301,1.9637114964556048,56.713700840535374,264.4897944558311
26,58.6043739466888,1500,False,3.0126958511356126,1.2340228972601541,1.5327814541162998,1.57,4.236736562298313,7070.046835562363,0.0,0.0,0.38226229813590795,2.028090110569746,77.32349481351307,263.2546118461
27,59.096540476806815,1500,False,3.024359284460053,1.2227562102206861,1.535444607329812,1.57,4.217266218910772,7034.809532835319,0.0,0.0,0.37599665744021604,2.020189175651761,77.31800186102797,261.7879617213
28,75.73000016522671,1500,False,2.981299079735712,1.1324259301245179,1.5180058417065128,1.57,3.988062581673243,6377.376686762708,0.0,0.0,0.3245085995893001,2.0055923136884344,73.39567622640676,256.3996263711984
29,-16.20373863094284,327,True,3.0800645134914935,1.5697902649874955,1.3919871721994963,1.57,3.6155935358905253,6758.155817507754,0.0,0.0,0.6921623738204122,1.9625508053454541,62.17711050032539,259.98615635298785
30,65.38584801388254,1500,False,3.0091333546987196,1.2086799543414115,1.5212999521478852,1.57,4.135991014808682,6795.552311206661,0.0,0.0,0.3674299013062675,2.0357392592986274,75.29810758884894,260.85004454629944
31,50.39237355273966,1500,False,3.0112540844596496,1.248525666887553,1.5246365348201831,1.57,4.262748179553025,7145.630167965457,0.0,0.0,0.39243273036863396,2.0335469631261724,77.13776621814337,264.8876808632493
32,-16.07406389643318,340,True,3.0208222750431273,1.534249817945069,1.3608704419665427,1.57,3.4763345114957165,6378.9086964671715,0.0,0.0,0.6641042238762358,1.9721067110043697,58.888625580940385,259.5492594164804
33,-15.199643926348823,326,True,3.051317603685896,1.5682143879356503,1.389541397350693,1.57,3.550516596765248,6643.477130440081,0.0,0.0,0.6861228719741165,1.969120420957312,61.26399822649871,259.5414743053509
34,-12.654003811317951,273,True,2.9993060988551603,1.4815612923841512,1.3161453781604546,1.57,3.0342455190751036,5394.875169144306,0.0,0.0,0.6353627622608032,1.9386058608384782,51.44271949128305,256.42138887061725
35,-16.694266879594554,324,True,3.056877903578096,1.585394162122474,1.4030007580788364,1.57,3.6956610097203244,7122.947763450639,0.0,0.0,0.7042043417798829,1.9592367104478596,64.12127822727447,260.60250147260666
36,-16.773755362661927,322,True,3.065914781240748,1.5956700871844374,1.4117568374025489,1.57,3.777972978398192,7303.595416599573,0.0,0.0,0.7106356748532721,1.954295897976138,65.58528309048175,261.1791079479816
37,68.93565520161228,1500,False,3.0079992787303578,1.166863208473479,1.5356723373800991,1.57,4.098429526538467,6729.106897269769,0.0,0.0,0.3442812600692739,2.004690298734528,75.98705476874322,258.21507116959975
38,-18.183950968868785,404,True,2.9993004450668352,1.5848240673397607,1.4023511588120976,1.57,3.888342646692203,7324.228423757057,0.0,0.0,0.6825813856043232,1.954534459962237,66.1033518080228,262.8319029596913
39,67.85804987016178,1500,False,3.0033039265971166,1.1902429801607832,1.5302097773751016,1.57,4.125594302833409,6796.288123000016,0.0,0.0,0.3562846567919651,2.0166825007837312,75.90519379459002,259.64960660299283
40,-14.131454172023808,341,True,2.990280628818137,1.5264925752427185,1.352907821919372,1.57,3.339004999997008,6208.833012297045,0.0,0.0,0.6544279490200023,1.9676117149550887,57.51815113627711,258.5016589011651
41,76.80262474032604,1500,False,3.004087379176161,1.1436184993662124,1.5384441193100016,1.57,4.069062407834715,6602.098917776878,0.0,0.0,0.32492127076660243,1.9935589935906137,75.76389055163281,257.2414236419509
42,-14.29095660113638,361,True,2.8798849258414614,1.5068698499836801,1.3313887436501701,1.57,3.5212454429105478,6421.515435290704,0.0,0.0,0.6391403894719939,1.9492946980683779,57.939462975471635,260.81582682406366
43,49.55827138172179,1500,False,3.0242800715094087,1.2680003715500239,1.5372019170511912,1.57,4.31680208668151,7329.935826817154,0.0,0.0,0.4039934575954253,2.0106906197281607,78.67840818927813,265.7059436149591
44,-19.663379589271404,401,True,3.0348784193211205,1.5845733475114205,1.4048293537562069,1.57,3.8824435960368913,7414.972673997873,0.0,0.0,0.6923896913370358,1.9898694674634136,66.74021261481724,262.5716474871366
45,-14.220710272293806,344,True,2.947651547410031,1.5307918560904132,1.3554855541160322,1.57,3.498575275476375,6409.332393051101,0.0,0.0,0.6564117870918204,1.9574454325117139,58.87801740871808,259.66720801621017
46,55.75598392285895,1500,False,3.0318312095726982,1.249176554544278,1.536611613411059,1.57,4.305262296666773,7238.499920149648,0.0,0.0,0.39381055504610935,2.044023519912616,78.3324946332782,265.3194048802388
47,74.93229305044765,1500,False,2.9817783606731263,1.142743587696201,1.5273293681843108,1.57,4.050235728144219,6546.973409993266,0.0,0.0,0.33010071340878844,1.9868313384013894,74.72246317960399,257.7870381867032
48,-14.801239720496369,350,True,2.954735233416573,1.5106569798703364,1.3393221117708722,1.57,3.3999485556638507,6172.244858241784,0.0,0.0,0.6421417700899684,1.9611105231020411,56.844917221677775,259.1671789393335
49,-12.173679763221685,377,True,2.8456195520133076,1.4585314196228243,1.2926403847861674,1.57,3.2886430386890186,5765.29070996064,0.0,0.0,0.5979525754815764,1.9549542634942356,53.12961242082418,259.07203846961494
